season,player,pos,w_pct,ast,reb,blk,stl,fg3a
2014-15,Aaron Brooks,G,0.61,5,3.2,0.3,1,6
2014-15,Aaron Gordon,F,0.298,1.5,7.6,1,0.9,2.2
2014-15,Adreian Payne,F,0.219,1.5,7.9,0.4,0.9,0.4
2014-15,Al Horford,C,0.737,3.8,8.4,1.5,1.1,0.6
2014-15,Al Jefferson,C,0.385,2,9.9,1.5,0.8,0.1
2014-15,Al-Farouq Aminu,F,0.608,1.6,9,1.6,1.8,3.3
2014-15,Alan Anderson,F,0.473,1.7,4.2,0.1,1.2,4.3
2014-15,Alec Burks,G,0.333,3.3,4.6,0.2,0.7,2.7
2014-15,Alex Len,C,0.507,0.8,10.8,2.5,0.8,0.1
2014-15,Alexis Ajinca,C,0.603,1.8,11.9,1.9,0.8,0
2014-15,Allen Crabbe,G,0.706,2.1,3.8,0.8,1,4.5
2014-15,Alonzo Gee,F,0.389,1.4,5.1,0.4,1.9,1.9
2014-15,Amar'e Stoudemire,F,0.322,1.3,9.5,1.1,0.8,0.1
2014-15,Amir Johnson,F,0.587,2.1,8.3,1.1,0.8,0.8
2014-15,Anderson Varejao,F,0.615,2,9.6,0.9,1.1,0.1
2014-15,Andre Drummond,C,0.39,0.8,15.9,2.2,1.1,0
2014-15,Andre Iguodala,G,0.831,4,4.5,0.4,1.5,3.7
2014-15,Andre Miller,G,0.543,8.2,4.4,0.2,0.9,1
2014-15,Andre Roberson,G,0.612,2,7.1,0.8,1.5,2.4
2014-15,Andrew Bogut,C,0.866,4.1,12.4,2.6,0.9,0
2014-15,Andrew Nicholson,F,0.35,1.6,6,0.9,0.4,3
2014-15,Andrew Wiggins,G,0.195,2.1,4.5,0.6,1,1.5
2014-15,Anthony Davis,F,0.574,2.2,10.2,2.9,1.5,0.2
2014-15,Anthony Morrow,G,0.568,1.2,3.9,0.2,1.1,6.5
2014-15,Anthony Tolliver,F,0.474,1.5,5.9,0.4,0.6,7.3
2014-15,Archie Goodwin,G,0.39,3,5,0.6,1.2,2.8
2014-15,Aron Baynes,C,0.7,1.1,10.2,0.7,0.5,0.1
2014-15,Arron Afflalo,G,0.449,1.9,3.6,0.1,0.6,4.8
2014-15,Austin Rivers,G,0.605,3.6,3.5,0.3,1.1,3
2014-15,Avery Bradley,G,0.481,2,3.6,0.2,1.2,5.2
2014-15,Ben McLemore,G,0.354,1.9,3.2,0.3,1,5.3
2014-15,Bismack Biyombo,C,0.406,0.5,11.8,2.9,0.5,0
2014-15,Blake Griffin,F,0.701,5.4,7.8,0.5,1,0.4
2014-15,Bojan Bogdanovic,G,0.462,1.3,4.1,0.2,0.7,5
2014-15,Boris Diaw,C,0.679,4.2,6.3,0.4,0.7,3.1
2014-15,Bradley Beal,G,0.587,3.3,4.1,0.3,1.3,4.4
2014-15,Brandan Wright,F,0.493,1,8,2.3,1.2,0.1
2014-15,Brandon Bass,F,0.488,1.9,7.4,0.6,0.8,0.6
2014-15,Brandon Jennings,G,0.415,8.3,3.2,0.1,1.4,6.5
2014-15,Brandon Knight,G,0.524,5.8,4.3,0.2,1.6,5.7
2014-15,Brandon Rush,F,0.818,1.6,5.4,1.6,0.7,3.6
2014-15,Brian Roberts,G,0.417,4.4,3,0.2,0.9,5.2
2014-15,Brook Lopez,C,0.472,0.9,9.2,2.2,0.7,0.2
2014-15,Bruno Caboclo,F,0.875,0,3.1,1.5,0,4.6
2014-15,Bryce Cotton,G,0.6,3.4,4.1,0,0.9,4.5
2014-15,CJ McCollum,G,0.597,2.4,3.4,0.3,1.6,5.1
2014-15,CJ Miles,F,0.443,1.5,4.2,0.5,1.2,8.7
2014-15,C.J. Watson,G,0.439,5.3,4.1,0.2,1.4,4.4
2014-15,CJ Wilcox,G,0.714,2.9,2.5,0.4,1.1,6.8
2014-15,Cameron Bairstow,F,0.667,0.6,4.5,0.6,1.1,0
2014-15,Carl Landry,F,0.371,0.8,8.1,0.5,0.5,0
2014-15,Carmelo Anthony,F,0.25,3.1,6.7,0.4,1,4.5
2014-15,Caron Butler,F,0.385,1.8,4.3,0.1,1,4.9
2014-15,Chandler Parsons,F,0.621,2.7,5.3,0.3,1.1,5.7
2014-15,Channing Frye,F,0.307,1.8,5.6,0.8,0.9,6.7
2014-15,Charlie Villanueva,F,0.578,1,7.9,1.2,0.8,11.7
2014-15,Chase Budinger,F,0.119,1.8,5.5,0.3,1.2,4
2014-15,Chris Andersen,F,0.45,1.4,9.5,1.9,0.8,0.4
2014-15,Chris Bosh,F,0.432,2.2,7.2,0.6,0.9,3.9
2014-15,Chris Johnson,F,0.31,1,3.8,0.5,1.8,6.5
2014-15,Chris Kaman,C,0.635,1.7,12.5,1.4,0.5,0
2014-15,Chris Paul,G,0.683,10.6,4.7,0.2,2,4.4
2014-15,Cleanthony Early,F,0.154,2,5.4,0.7,1.3,4.7
2014-15,Clint Capela,F,0.667,0.8,14.5,3.6,0.4,0
2014-15,Cody Zeller,C,0.435,2.4,8.8,1.2,0.8,0
2014-15,Cole Aldrich,C,0.18,2.8,12.5,2.4,1.4,0
2014-15,Corey Brewer,G,0.525,3,5.1,0.3,1.9,4.1
2014-15,Cory Joseph,G,0.671,4.7,4.8,0.4,1.1,1.1
2014-15,Courtney Lee,G,0.662,2.3,2.7,0.2,1.1,3.4
2014-15,D.J. Augustin,G,0.451,6.5,3,0.1,0.9,4.5
2014-15,Dahntay Jones,G,0.697,0.6,3.2,0,0.9,1.2
2014-15,Damian Lillard,G,0.622,6.2,4.7,0.3,1.2,7
2014-15,Damjan Rudez,F,0.412,1.8,1.6,0.2,0.5,5.8
2014-15,Danilo Gallinari,F,0.39,2.1,5.5,0.5,1.2,7.6
2014-15,Danny Green,G,0.679,2.5,5.3,1.4,1.6,7.1
2014-15,Dante Cunningham,F,0.561,1.1,5.6,0.8,1,0.2
2014-15,Dante Exum,G,0.463,3.9,2.6,0.3,0.8,5.2
2014-15,Darrell Arthur,F,0.379,2.1,6.2,0.9,1.7,4
2014-15,Darren Collison,G,0.356,5.8,3.3,0.3,1.5,3.7
2014-15,David Lee,F,0.755,3.4,10.2,1,1.2,0.1
2014-15,David West,F,0.485,4.2,8.5,0.9,0.9,0.4
2014-15,DeAndre Jordan,C,0.683,0.8,15.7,2.3,1,0.1
2014-15,DeMar DeRozan,G,0.617,3.6,4.7,0.2,1.3,1.5
2014-15,DeMarcus Cousins,C,0.39,3.8,13.4,1.8,1.6,0.1
2014-15,DeMarre Carroll,F,0.757,1.9,6.1,0.3,1.5,5
2014-15,Dennis Schroder,G,0.74,7.5,3.9,0.1,1.2,3.5
2014-15,Deron Williams,G,0.5,7.6,4,0.3,1.1,4
2014-15,Derrick Favors,F,0.446,1.8,9.6,1.9,0.9,0.1
2014-15,Derrick Rose,G,0.647,5.9,3.8,0.4,0.8,6.4
2014-15,Derrick Williams,F,0.365,1.2,5,0.1,0.8,3.8
2014-15,Devin Harris,G,0.592,5.1,2.9,0.3,1.7,5.7
2014-15,Devyn Marble,F,0.188,2.9,5.4,0.3,1.6,3.8
2014-15,Dewayne Dedmon,C,0.288,0.4,12.6,2.1,0.7,0
2014-15,Dion Waiters,G,0.575,2.7,3.1,0.3,1.5,4
2014-15,Dirk Nowitzki,F,0.61,2.3,7.2,0.5,0.6,4.3
2014-15,Donald Sloan,G,0.415,6.2,4.7,0,0.7,4.3
2014-15,Donatas Motiejunas,F,0.676,2.3,7.4,0.6,1,2.4
2014-15,Dorell Wright,F,0.583,2.5,6.7,0.7,1.2,6.6
2014-15,Doug McDermott,F,0.639,0.7,4.8,0.1,0.4,4.6
2014-15,Draymond Green,F,0.81,4.2,9.4,1.4,1.8,4.8
2014-15,Drew Gooden,F,0.608,2,9.3,0.4,0.9,2.5
2014-15,Dwight Howard,C,0.707,1.5,12.7,1.6,0.8,0.1
2014-15,Dwight Powell,F,0.379,1.4,7.6,0.9,1.4,1.7
2014-15,Dwyane Wade,G,0.452,5.5,4,0.4,1.3,1.9
2014-15,E'Twaun Moore,G,0.643,2.4,3.3,0.4,1.4,2.7
2014-15,Ed Davis,F,0.253,1.8,11.7,1.9,1,0
2014-15,Elfrid Payton,G,0.305,7.7,5,0.3,2.1,0.6
2014-15,Elton Brand,F,0.694,1.6,7.4,1.9,1.3,0.1
2014-15,Enes Kanter,C,0.427,0.9,11.3,0.5,0.6,0.8
2014-15,Eric Bledsoe,G,0.481,6.3,5.4,0.6,1.6,3.5
2014-15,Eric Gordon,G,0.574,4.1,2.8,0.2,0.9,5.6
2014-15,Eric Moreland,F,0,0,17.3,0,0,0
2014-15,Ersan Ilyasova,F,0.448,1.5,7.6,0.5,1,5.2
2014-15,Evan Fournier,G,0.328,2.6,3.3,0,0.9,4.9
2014-15,Evan Turner,G,0.488,7.2,6.6,0.3,1.3,1.9
2014-15,Festus Ezeli,C,0.848,0.6,11.1,3,0.5,0
2014-15,Garrett Temple,G,0.538,2.7,4.4,0.4,2.1,4.3
2014-15,Gary Harris,G,0.327,1.5,3.2,0.4,2,5.2
2014-15,George Hill,G,0.605,6.3,5.1,0.4,1.3,5.5
2014-15,Gerald Green,F,0.459,2.3,4.6,0.3,1,9.6
2014-15,Gerald Henderson,G,0.4,3.2,4.2,0.3,0.8,2.1
2014-15,Giannis Antetokounmpo,F,0.506,2.9,7.7,1.2,1,0.6
2014-15,Glenn Robinson III,G,0.057,1.5,5.4,0.1,0.8,2.6
2014-15,Goran Dragic,G,0.526,4.8,3.7,0.2,1.1,3.5
2014-15,Gordon Hayward,F,0.461,4.3,5.1,0.4,1.5,4.5
2014-15,Gorgui Dieng,C,0.219,2.4,10,2.1,1.2,0.1
2014-15,Greg Monroe,C,0.362,2.4,11.9,0.6,1.3,0
2014-15,Greg Smith,C,0.643,0.9,7.8,1.1,0.7,0
2014-15,Greivis Vasquez,G,0.598,5.5,3.9,0.2,0.8,6.3
2014-15,Harrison Barnes,F,0.817,1.8,7,0.3,0.9,3.3
2014-15,Hassan Whiteside,C,0.375,0.2,15.2,3.9,0.9,0
2014-15,Henry Sims,C,0.192,2,9.2,0.8,1,0.6
2014-15,Hollis Thompson,G,0.183,1.7,4,0.5,1.2,5.8
2014-15,Ian Clark,G,0.3,2.2,3,0.6,1.7,5.6
2014-15,Ian Mahinmi,C,0.459,1,11.2,1.4,0.9,0
2014-15,Iman Shumpert,G,0.548,3.1,5.2,0.4,1.9,4.6
2014-15,Isaiah Canaan,G,0.511,3.8,3.3,0.1,1.1,9.4
2014-15,Isaiah Thomas,G,0.597,5.9,3.2,0.1,1.2,7.2
2014-15,Ish Smith,G,0.436,7.8,4.3,0.3,1.6,2.6
2014-15,JR Smith,G,0.543,3.4,3.8,0.4,1.4,7.4
2014-15,JJ Hickson,C,0.356,1.5,11.5,0.9,0.9,0.1
2014-15,JJ Redick,G,0.705,2,2.5,0.1,0.6,6.8
2014-15,JaKarr Sampson,G,0.23,2.5,5.2,0.8,1.2,4
2014-15,JaMychal Green,F,0.417,0.9,9.9,1.1,1.1,1.3
2014-15,JaVale McGee,C,0.348,0.4,8.6,2.8,0.3,0
2014-15,Jabari Parker,F,0.52,2,6.7,0.2,1.5,0.8
2014-15,Jae Crowder,F,0.573,2.1,6.4,0.5,1.6,4.5
2014-15,Jamal Crawford,G,0.688,3.3,2.6,0.3,1.2,7.7
2014-15,Jameer Nelson,G,0.397,6.5,3.7,0.2,1.2,6.6
2014-15,James Ennis,F,0.435,1.6,6,0.6,0.9,3.3
2014-15,James Harden,G,0.691,6.8,5.5,0.7,1.9,6.7
2014-15,James Johnson,F,0.571,2.5,6.8,1.8,1.4,1.3
2014-15,James Jones,G,0.614,1.3,3.3,0.4,0.7,9.4
2014-15,James Michael McAdoo,F,0.733,0.5,9.7,2.4,1.3,0
2014-15,James Young,G,0.452,1.4,4.6,0.2,0.9,7.2
2014-15,Jared Dudley,F,0.542,2.7,4.6,0.2,1.5,4
2014-15,Jared Sullinger,C,0.448,3.1,10.1,1,1,4.2
2014-15,Jarrett Jack,G,0.45,6,3.9,0.2,1.2,2.3
2014-15,Jason Smith,F,0.207,2.8,6.5,0.9,0.6,0.8
2014-15,Jason Terry,G,0.688,3.2,2.7,0.4,1.4,7.1
2014-15,Jason Thompson,F,0.358,1.5,9.6,1,0.6,0
2014-15,Jeff Ayres,F,0.647,1.3,11,0.8,0.8,0
2014-15,Jeff Green,F,0.526,2,4.8,0.5,0.8,4.3
2014-15,Jeff Teague,G,0.726,8.3,3,0.5,2,3.3
2014-15,Jeff Withey,C,0.459,1.5,8.9,2.5,0.6,0
2014-15,Jerami Grant,F,0.277,2.1,5.2,1.8,1,4.1
2014-15,Jeremy Evans,F,0.5,1.8,9.6,1.6,1.5,0.7
2014-15,Jeremy Lamb,G,0.574,2.5,6.1,0.3,1.2,6.3
2014-15,Jeremy Lin,G,0.257,6.4,3.7,0.6,1.5,3.3
2014-15,Jerryd Bayless,G,0.506,4.9,4.4,0.3,1.2,2.5
2014-15,Jimmy Butler,G,0.615,3,5.4,0.5,1.6,2.8
2014-15,Joakim Noah,C,0.582,5.5,11.4,1.3,0.8,0
2014-15,Jodie Meeks,G,0.483,1.9,2.6,0.1,1.5,5.2
2014-15,Joe Ingles,F,0.456,3.9,3.8,0.2,1.5,4.3
2014-15,Joe Johnson,F,0.475,3.8,5,0.2,0.8,4.3
2014-15,Joel Anthony,C,0.51,0.4,8.2,4.3,1.1,0
2014-15,Joffrey Lauvergne,C,0.375,1.7,10.3,1.3,1.1,2.1
2014-15,John Henson,F,0.522,1.7,9.1,4,0.8,0
2014-15,John Jenkins,G,0.542,1.6,4.7,0,1.2,6.3
2014-15,John Wall,G,0.57,10.1,4.6,0.6,1.8,2.8
2014-15,Johnny O'Bryant III,F,0.5,1.7,6.3,0.4,0.5,0
2014-15,Jon Leuer,F,0.714,2,9,0.4,0.7,1.3
2014-15,Jonas Jerebko,F,0.493,2.1,8.3,0.5,1.3,4.1
2014-15,Jonas Valanciunas,C,0.588,0.7,11.9,1.6,0.6,0
2014-15,Jordan Adams,G,0.467,2.3,4.1,1,2.3,3.6
2014-15,Jordan Clarkson,G,0.186,5,4.7,0.3,1.2,3
2014-15,Jordan Farmar,G,0.639,4.6,2.9,0.3,1.4,6.6
2014-15,Jordan Hamilton,G,0.714,2.1,4.7,0,0.6,6.2
2014-15,Jordan Hill,C,0.271,2,10.7,1,0.7,0.2
2014-15,Jorge Gutierrez,G,0.5,4.5,5.2,0,1.2,0.6
2014-15,Jose Calderon,G,0.167,5.6,3.5,0,0.9,4
2014-15,J.J. Barea,G,0.636,7,3.5,0,0.9,4.4
2014-15,Josh McRoberts,F,0.471,4,5.5,0.4,1.5,2.3
2014-15,Josh Smith,F,0.494,4.3,8.3,1.8,1.4,3.6
2014-15,Jrue Holiday,G,0.5,7.6,3.7,0.6,1.7,3.7
2014-15,Julius Randle,F,0,0,0,0,0,0
2014-15,Justin Holiday,G,0.831,2.6,4,0.7,2.2,6
2014-15,Jusuf Nurkic,C,0.339,1.6,12.5,2.2,1.7,0.1
2014-15,KJ McDaniels,G,0.306,1.9,5.3,1.9,1.2,4
2014-15,Kawhi Leonard,F,0.719,2.9,8.2,0.8,2.6,3.4
2014-15,Kelly Olynyk,C,0.484,2.8,7.7,1,1.6,4.4
2014-15,Kemba Walker,G,0.339,5.4,3.7,0.5,1.5,4.8
2014-15,Kendall Marshall,G,0.464,7.4,2.4,0,1.8,4
2014-15,Kendrick Perkins,C,0.559,1.6,10,1.3,0.5,0
2014-15,Kenneth Faried,F,0.4,1.5,11.5,1,1.1,0.1
2014-15,Kent Bazemore,F,0.707,2.1,6,0.9,1.4,3.6
2014-15,Kentavious Caldwell-Pope,G,0.39,1.5,3.5,0.3,1.3,6.2
2014-15,Kevin Durant,F,0.667,4.3,7,1,0.9,6.3
2014-15,Kevin Garnett,F,0.426,2.9,11.8,0.6,1.7,0.3
2014-15,Kevin Love,F,0.667,2.4,10.4,0.6,0.7,5.6
2014-15,Kevin Martin,G,0.282,2.5,3.9,0,0.9,5.3
2014-15,Kevin Seraphin,F,0.57,1.7,8.4,1.7,0.3,0.1
2014-15,Khris Middleton,G,0.506,2.8,5.3,0.2,1.8,4.1
2014-15,Kirk Hinrich,G,0.561,3.3,2.7,0.3,1,3.8
2014-15,Klay Thompson,G,0.831,3.3,3.6,0.9,1.3,8
2014-15,Kobe Bryant,F,0.286,5.9,5.9,0.2,1.4,5.5
2014-15,Kosta Koufos,C,0.679,1,11.4,1.7,0.8,0
2014-15,Kris Humphries,F,0.578,1.5,11.1,0.7,0.9,0.2
2014-15,Kyle Anderson,F,0.667,2.8,7.2,0.7,1.5,1.1
2014-15,Kyle Korver,G,0.773,2.9,4.5,0.6,0.8,6.7
2014-15,Kyle Lowry,G,0.614,7.1,4.9,0.2,1.6,5.8
2014-15,Kyle O'Quinn,F,0.294,2.6,8.7,1.7,1.4,1.9
2014-15,Kyle Singler,F,0.45,1.8,4,0.4,1,5
2014-15,Kyrie Irving,G,0.693,5.1,3.1,0.3,1.5,5
2014-15,LaMarcus Aldridge,F,0.676,1.8,10.4,1,0.7,1.5
2014-15,Lance Stephenson,F,0.377,5.5,6.3,0.2,0.9,2.4
2014-15,Lance Thomas,F,0.323,1.7,4.7,0.2,0.9,0.5
2014-15,Langston Galloway,G,0.267,3.7,4.7,0.3,1.3,4.3
2014-15,Lavoy Allen,F,0.46,2.5,10.9,1.4,0.5,0
2014-15,LeBron James,F,0.725,7.4,6,0.7,1.6,4.9
2014-15,Leandro Barbosa,G,0.818,3.6,3.3,0.3,1.5,4.1
2014-15,Lorenzo Brown,G,0.207,5.9,4.6,0.4,1.8,1.8
2014-15,Lou Amundson,F,0.321,2.7,10.3,2,0.8,0
2014-15,Lou Williams,G,0.6,2.9,2.7,0.2,1.6,8
2014-15,Luc Mbah a Moute,F,0.239,2,6.2,0.4,1.5,3.8
2014-15,Lucas Nogueira,C,0.5,1.6,17.2,0,3.1,0
2014-15,Luis Scola,F,0.457,2.3,11.4,0.4,1,0.4
2014-15,Luke Babbitt,F,0.54,1,4.8,0.5,0.7,5
2014-15,Luol Deng,F,0.458,2.1,5.6,0.3,1,3.3
2014-15,Manu Ginobili,G,0.671,6.6,4.8,0.5,1.5,5.9
2014-15,Marc Gasol,C,0.679,4.1,8.4,1.8,0.9,0.2
2014-15,Marcin Gortat,C,0.561,1.4,10.5,1.6,0.7,0
2014-15,Marco Belinelli,G,0.661,2.4,4.1,0.1,0.8,6
2014-15,Marcus Morris,F,0.481,2.3,6.8,0.3,1.1,5.5
2014-15,Marcus Smart,G,0.522,4.1,4.4,0.4,2,5.4
2014-15,Marcus Thornton,F,0.396,1.8,4.3,0.3,1.3,7.1
2014-15,Markel Brown,G,0.489,1.8,4.9,0.6,1.4,2.9
2014-15,Markieff Morris,F,0.476,2.7,7.1,0.5,1.4,2.5
2014-15,Marreese Speights,F,0.816,2.1,9.7,1,0.6,0.5
2014-15,Marvin Williams,F,0.41,1.8,6.8,0.6,1.2,4.7
2014-15,Mason Plumlee,C,0.463,1.5,10.6,1.3,1.3,0.1
2014-15,Matt Barnes,F,0.671,1.8,4.8,0.8,1.1,6
2014-15,Matt Bonner,C,0.681,1.8,4.4,0.5,0.4,4.8
2014-15,Matthew Dellavedova,G,0.642,5.3,3.3,0.1,0.6,4.4
2014-15,Maurice Harkless,F,0.2,1.3,5.7,0.5,1.7,3
2014-15,Meyers Leonard,F,0.582,1.4,10.6,0.6,0.4,4.8
2014-15,Michael Beasley,F,0.458,2.3,6.3,0.9,1.1,2.4
2014-15,Michael Carter-Williams,G,0.318,7.4,5.9,0.5,1.9,2.6
2014-15,Michael Kidd-Gilchrist,F,0.491,1.7,9.4,0.9,0.7,0
2014-15,Mike Conley,G,0.671,6.1,3.4,0.2,1.4,4.5
2014-15,Mike Dunleavy,G,0.651,2.2,4.9,0.4,0.8,5.2
2014-15,Mike Miller,G,0.596,2.4,4.7,0.2,0.7,5
2014-15,Mike Muscala,F,0.65,1.8,8.5,1.4,1.1,1.6
2014-15,Mike Scott,F,0.765,2.4,6.4,0.1,0.8,6.2
2014-15,Miles Plumlee,C,0.466,1,9.6,2,1.2,0
2014-15,Mirza Teletovic,F,0.4,1.9,7.8,0.6,0.6,7.8
2014-15,Mitch McGary,F,0.625,1,12.3,1.2,1.2,0.1
2014-15,Mo Williams,G,0.294,7.7,3.2,0.3,0.8,6.3
2014-15,Monta Ellis,G,0.625,4.4,2.5,0.3,2,3.8
2014-15,Nazr Mohammed,C,0.565,0.8,10.7,1.4,1.1,0
2014-15,Nene,F,0.552,2.6,7.3,0.5,1.4,0.1
2014-15,Nerlens Noel,F,0.24,2,9.5,2.2,2.1,0
2014-15,Nick Collison,F,0.576,2.9,8.2,0.8,1.1,2
2014-15,Nick Young,F,0.286,1.5,3.5,0.4,0.8,8.1
2014-15,Nicolas Batum,G,0.606,5.2,6.3,0.6,1.2,4.7
2014-15,Nik Stauskas,G,0.356,2.1,2.8,0.5,0.6,4.8
2014-15,Nikola Mirotic,F,0.61,2.1,8.8,1.2,1.2,6.8
2014-15,Nikola Pekovic,C,0.29,1.2,10.3,0.5,0.8,0
2014-15,Nikola Vucevic,C,0.284,2.1,11.5,0.8,0.8,0.1
2014-15,Noah Vonleh,F,0.32,0.6,12,1.3,0.6,1.8
2014-15,Norris Cole,G,0.493,5,3.1,0.3,1.1,3.5
2014-15,O.J. Mayo,G,0.549,4.2,4,0.4,1.2,5.9
2014-15,Omer Asik,C,0.566,1.3,13.6,1,0.5,0
2014-15,Omri Casspi,F,0.343,2.6,6.6,0.2,0.8,2.2
2014-15,Otto Porter Jr.,F,0.554,1.6,5.6,0.8,1.1,2.6
2014-15,PJ Hairston,F,0.422,1.1,4.8,0.7,1.1,8.5
2014-15,PJ Tucker,F,0.462,1.8,7.6,0.3,1.6,3.8
2014-15,Pablo Prigioni,G,0.373,5.1,3.6,0,2.4,5
2014-15,Patrick Beverley,G,0.625,4,4.9,0.5,1.2,6.7
2014-15,Patrick Patterson,F,0.605,2.6,7.2,0.7,1,4.7
2014-15,Patty Mills,G,0.725,3.9,3.4,0.1,1.3,8.2
2014-15,Pau Gasol,C,0.615,2.8,12.3,2,0.3,0.3
2014-15,Paul George,F,0.833,2.4,8.7,0.4,2,8.7
2014-15,Paul Millsap,F,0.753,3.4,8.6,1,2,3.3
2014-15,Paul Pierce,F,0.548,2.7,5.5,0.5,0.9,5.7
2014-15,Quincy Acy,F,0.176,1.9,8.4,0.6,0.8,1.7
2014-15,Quincy Pondexter,F,0.64,1.9,3.9,0.5,0.4,4.9
2014-15,Rajon Rondo,G,0.5,9.6,6.7,0.1,1.6,1.5
2014-15,Ramon Sessions,G,0.406,5.5,4.4,0,0.9,1.8
2014-15,Randy Foye,G,0.3,3.9,2.8,0.4,1.1,8.7
2014-15,Raymond Felton,G,0.483,5.2,3.3,0.5,1.4,4.4
2014-15,Reggie Bullock,F,0.528,0.9,5.3,0.4,1.1,4.9
2014-15,Reggie Jackson,G,0.481,7.3,5.2,0.1,1,3.8
2014-15,Richard Jefferson,F,0.622,1.8,5.3,0.3,0.9,4.5
2014-15,Ricky Rubio,G,0.318,10,6.5,0.1,2,2.7
2014-15,Robert Covington,F,0.257,1.9,5.8,0.6,1.8,8.2
2014-15,Robert Sacre,C,0.284,1.7,7.4,1.4,0.9,0
2014-15,Robin Lopez,C,0.644,1.2,8.7,1.8,0.4,0
2014-15,Rodney Hood,G,0.54,2.8,4,0.4,1,5.7
2014-15,Rodney Stuckey,G,0.479,4.2,4.8,0.2,1.1,2.7
2014-15,Ronnie Price,G,0.302,6,2.5,0.1,2.5,4
2014-15,Roy Hibbert,C,0.447,1.6,10.1,2.3,0.3,0
2014-15,Rudy Gay,F,0.368,3.7,6,0.6,1.1,3.3
2014-15,Rudy Gobert,C,0.463,1.8,12.9,3.2,1.1,0
2014-15,Russell Westbrook,G,0.597,9,7.6,0.2,2.2,4.5
2014-15,Ryan Anderson,F,0.541,1.2,6.3,0.4,0.7,7.7
2014-15,Ryan Kelly,F,0.212,2.7,4.3,0.7,0.9,3.9
2014-15,Sean Kilpatrick,G,0.5,2,3,0,1.5,6.5
2014-15,Serge Ibaka,F,0.547,0.9,8.5,2.6,0.5,3.5
2014-15,Sergey Karasev,G,0.364,3,4.3,0.1,1.5,3.5
2014-15,Seth Curry,G,1,4.6,9.2,0,0,4.6
2014-15,Shabazz Muhammad,F,0.158,1.8,6.4,0.3,0.7,2.1
2014-15,Shabazz Napier,G,0.471,4.6,4,0.1,1.4,4.2
2014-15,Shane Larkin,G,0.211,4.4,3.4,0.2,1.8,2.2
2014-15,Shaun Livingston,G,0.821,6.4,4.5,0.5,1.2,0
2014-15,Shayne Whittington,F,0.45,2,9.7,0.7,1.7,2
2014-15,Shelvin Mack,G,0.673,6.7,3.4,0.1,1.3,5.5
2014-15,Solomon Hill,F,0.463,2.8,4.7,0.3,1,3.1
2014-15,Spencer Dinwiddie,G,0.353,8.2,3.8,0.5,1.5,5.1
2014-15,Spencer Hawes,F,0.712,2.5,7.3,1.5,0.7,5
2014-15,Stephen Curry,G,0.838,8.5,4.7,0.2,2.2,8.9
2014-15,Steve Blake,G,0.63,6.8,3.2,0.1,1,5.2
2014-15,Steve Novak,F,0.343,2,4,0.4,0,8.8
2014-15,Steven Adams,C,0.529,1.3,10.6,1.7,0.8,0
2014-15,TJ Warren,F,0.425,1.5,5,0.5,1.1,1.2
2014-15,Taj Gibson,F,0.613,1.5,8.4,1.6,0.8,0
2014-15,Tarik Black,C,0.397,1.3,11.1,0.7,0.6,0
2014-15,Tayshaun Prince,F,0.466,2.4,5.4,0.4,0.7,1.7
2014-15,Terrence Jones,F,0.727,1.5,8.9,2.4,0.7,1.5
2014-15,Terrence Ross,F,0.598,1.5,3.9,0.4,0.9,6.7
2014-15,Thabo Sefolosha,F,0.827,2.8,8.2,0.8,2,2.9
2014-15,Thaddeus Young,F,0.329,2.6,6.1,0.4,1.8,1.7
2014-15,Thomas Robinson,F,0.481,1.5,13.7,0.9,1.4,0.1
2014-15,Tiago Splitter,C,0.654,2.7,8.8,1.3,1.2,0
2014-15,Tim Duncan,C,0.688,3.7,11.4,2.4,1,0.1
2014-15,Tim Frazier,G,0.273,9,4.2,0,1.2,2.6
2014-15,Tim Hardaway Jr.,G,0.229,2.7,3.3,0.3,0.4,7.6
2014-15,Timofey Mozgov,C,0.605,1,10.4,1.7,0.6,0.1
2014-15,Tobias Harris,F,0.294,1.9,6.5,0.5,1,3.6
2014-15,Toney Douglas,G,0.583,4.9,4.5,0.8,2.2,3.7
2014-15,Tony Allen,G,0.73,1.9,6.1,0.7,2.8,0.6
2014-15,Tony Parker,G,0.706,6.2,2.4,0,0.8,1.6
2014-15,Tony Snell,F,0.597,1.6,4.5,0.3,0.8,5
2014-15,Tony Wroten,G,0.133,6.3,3.5,0.3,1.9,5.7
2014-15,Trevor Ariza,F,0.683,2.6,5.6,0.2,1.9,6.8
2014-15,Trevor Booker,F,0.468,1.9,9.1,0.9,1,1.9
2014-15,Trey Burke,G,0.461,5.2,3.2,0.2,1,6.1
2014-15,Tristan Thompson,C,0.646,0.6,10.8,1,0.6,0
2014-15,Troy Daniels,G,0.319,2,3,0.1,0.5,10.7
2014-15,Ty Lawson,G,0.387,9.7,3.2,0.1,1.2,2.8
2014-15,Tyler Ennis,G,0.333,6.4,3.1,0.4,1.6,3.8
2014-15,Tyler Hansbrough,F,0.608,0.7,9,0.5,1,0.2
2014-15,Tyler Johnson,G,0.469,2.5,4.8,0.5,2,2.9
2014-15,Tyler Zeller,C,0.488,2.4,9.7,1.1,0.4,0
2014-15,Tyreke Evans,G,0.544,7,5.6,0.5,1.3,3
2014-15,Tyson Chandler,C,0.627,1.3,13.6,1.4,0.7,0
2014-15,Udonis Haslem,F,0.5,1.7,9.3,0.5,0.8,0.4
2014-15,Victor Oladipo,G,0.306,4.1,4.2,0.3,1.7,3.5
2014-15,Vince Carter,G,0.682,2.6,4.4,0.5,1.4,7.7
2014-15,Wayne Ellington,G,0.277,2.3,4.5,0,0.7,5.2
2014-15,Wesley Johnson,F,0.263,2,5.1,0.7,0.9,4.2
2014-15,Wesley Matthews,G,0.683,2.5,3.9,0.2,1.4,7.9
2014-15,Will Barton,F,0.517,3,5.9,0.7,1.8,3.1
2014-15,Wilson Chandler,F,0.359,2,6.9,0.4,0.8,5.9
2014-15,Zach LaVine,G,0.195,5.2,4.1,0.2,1,3.2
2014-15,Zach Randolph,F,0.718,2.4,11.7,0.2,1.1,0.3
2014-15,Zaza Pachulia,C,0.466,3.7,10.4,0.4,1.7,0.1
2015-16,Aaron Brooks,G,0.522,5.9,3.3,0.3,1,6
2015-16,Aaron Gordon,F,0.41,2.5,9.8,1.1,1.1,2.7
2015-16,Aaron Harrison,G,0.714,0.8,5.8,0,2.3,3.9
2015-16,Adreian Payne,F,0.346,2.1,8.2,0.8,1.2,2.4
2015-16,Al Horford,C,0.585,3.6,8.2,1.7,0.9,3.5
2015-16,Al Jefferson,C,0.702,2.3,9.9,1.3,1,0
2015-16,Al-Farouq Aminu,F,0.537,2.1,7.7,0.8,1.1,5.4
2015-16,Alan Anderson,F,0.615,2.6,5.1,0.2,0.7,6.9
2015-16,Alan Williams,C,0.3,2.6,20.1,2.6,2.1,0
2015-16,Alec Burks,G,0.419,2.8,4.9,0.2,0.8,3.6
2015-16,Alex Len,C,0.295,1.9,11.7,1.2,0.8,0.1
2015-16,Alexis Ajinca,C,0.339,1.3,11.3,1.5,0.8,0
2015-16,Allen Crabbe,G,0.531,1.7,3.7,0.3,1.1,4.9
2015-16,Alonzo Gee,F,0.37,1.6,5.4,0.3,1.4,1.3
2015-16,Amar'e Stoudemire,F,0.577,1.3,10.5,1.9,0.9,0
2015-16,Amir Johnson,F,0.57,2.8,10.1,1.7,1,0.9
2015-16,Anderson Varejao,F,0.774,2.5,10.2,0.7,1.2,0.1
2015-16,Andre Drummond,C,0.531,0.9,16.2,1.5,1.6,0.1
2015-16,Andre Iguodala,G,0.908,4.6,5.5,0.4,1.5,3.2
2015-16,Andre Miller,G,0.513,6.8,4,0,1.2,0.6
2015-16,Andre Roberson,G,0.686,1.1,5.8,1,1.2,2.4
2015-16,Andrew Bogut,C,0.886,4,12.2,2.8,0.8,0
2015-16,Andrew Goudelock,G,0.625,2.9,1.4,1.4,4.3,6.5
2015-16,Andrew Nicholson,F,0.393,1.1,8.8,1,0.4,5
2015-16,Andrew Wiggins,G,0.358,2.1,3.7,0.6,1,2.4
2015-16,Anthony Brown,F,0.138,1.1,4.2,0.3,0.8,4.2
2015-16,Anthony Davis,F,0.393,1.9,10.4,2.1,1.3,1.8
2015-16,Anthony Morrow,G,0.676,0.9,2.4,0.2,0.9,7.9
2015-16,Anthony Tolliver,F,0.5,1.4,6.1,0.4,0.7,7.3
2015-16,Archie Goodwin,G,0.246,3.8,4.6,0.4,0.9,3.2
2015-16,Aron Baynes,C,0.531,1.5,11.2,1.5,0.6,0.1
2015-16,Arron Afflalo,G,0.38,2.2,4,0.2,0.4,3.6
2015-16,Austin Rivers,G,0.627,2.4,3.2,0.2,1.2,4.5
2015-16,Avery Bradley,G,0.592,2.2,3.1,0.3,1.7,5.8
2015-16,Axel Toupane,G,0.429,1.8,3.7,0.7,0.8,4.7
2015-16,Ben McLemore,G,0.412,2,3.7,0.2,1.3,4.6
2015-16,Bismack Biyombo,C,0.683,0.6,13,2.6,0.4,0
2015-16,Blake Griffin,F,0.629,5.2,9,0.5,0.9,0.6
2015-16,Boban Marjanovic,C,0.87,1.5,13.8,1.6,0.9,0
2015-16,Bobby Portis,F,0.468,1.7,11,0.7,0.8,1.7
2015-16,Bojan Bogdanovic,G,0.266,1.7,4.3,0.1,0.5,5.8
2015-16,Boris Diaw,C,0.842,4.6,6.1,0.5,0.7,1.8
2015-16,Bradley Beal,G,0.509,3.4,4,0.2,1.1,5.7
2015-16,Brandan Wright,F,0.5,1,7.3,2.5,0.8,0
2015-16,Branden Dawson,F,0.833,0,5,1.2,0,0
2015-16,Brandon Bass,F,0.242,2,7.6,1.5,0.9,0.1
2015-16,Brandon Jennings,G,0.417,7.1,4,0.3,1.2,6.4
2015-16,Brandon Knight,G,0.308,5.1,3.9,0.4,1.2,6.8
2015-16,Brandon Rush,F,0.875,1.9,6.2,0.8,0.7,5.4
2015-16,Brian Roberts,G,0.51,4.1,3.1,0.2,0.8,3.2
2015-16,Briante Weber,G,0.429,4.5,5.3,0.6,1.9,1.1
2015-16,Brook Lopez,C,0.288,2.1,8.4,1.8,0.8,0.2
2015-16,Bruno Caboclo,F,1,0.8,1.7,0.8,1.7,5.9
2015-16,Bryce Cotton,G,0.125,2.8,0,0,2.8,2.8
2015-16,Bryce Dejean-Jones,G,0.571,1.9,6.2,0.3,1.3,4.1
2015-16,CJ McCollum,G,0.55,4.4,3.4,0.3,1.3,6.1
2015-16,CJ Miles,F,0.531,1.5,4.3,0.7,1.3,9.5
2015-16,C.J. Watson,G,0.424,4.8,3.6,0.3,1,2.6
2015-16,CJ Wilcox,G,0.652,2.2,2.6,0.4,2.2,5
2015-16,Cameron Bairstow,F,0.222,2.1,9.8,1.1,0.7,1.8
2015-16,Cameron Payne,G,0.772,5.6,4.4,0.3,1.9,5.7
2015-16,Carl Landry,F,0.139,2,9.2,0.6,0.8,0.8
2015-16,Carmelo Anthony,F,0.444,4.3,7.9,0.5,0.9,4.4
2015-16,Caron Butler,F,0.118,2,4.5,0.2,1.8,3.7
2015-16,Chandler Parsons,F,0.475,3.4,5.7,0.4,0.9,5
2015-16,Channing Frye,F,0.5,2.1,7,0.8,0.9,7.1
2015-16,Charlie Villanueva,F,0.468,1.3,8.2,0.8,1,9.3
2015-16,Chase Budinger,F,0.439,2.5,5.8,0.4,1.2,3.3
2015-16,Chris Andersen,F,0.407,1.1,8.8,1.2,1.3,1.3
2015-16,Chris Bosh,F,0.547,2.6,7.9,0.7,0.7,4.5
2015-16,Chris Johnson,F,0.543,1.9,5.5,0.8,1.3,4.2
2015-16,Chris Kaman,C,0.688,3.5,7.7,0.3,0.3,1.3
2015-16,Chris McCullough,F,0.292,0.9,6.8,1.2,2.8,3.4
2015-16,Chris Paul,G,0.676,11,4.6,0.2,2.3,4.9
2015-16,Christian Wood,F,0,0.7,9.4,1.7,1.2,2.7
2015-16,Cleanthony Early,F,0.353,1.4,6.1,0.7,0.5,3.5
2015-16,Cliff Alexander,F,0.375,0,6,2,1,0
2015-16,Clint Capela,F,0.506,1.2,12.1,2.3,1.4,0
2015-16,Cody Zeller,C,0.575,1.4,9.2,1.3,1.2,0.2
2015-16,Cole Aldrich,C,0.683,2.3,13,3.1,2.1,0
2015-16,Corey Brewer,G,0.5,2.4,4.3,0.4,1.8,4.8
2015-16,Cory Joseph,G,0.675,4.4,3.7,0.4,1.1,1.9
2015-16,Courtney Lee,G,0.62,2.1,3.2,0.4,1.3,3.3
2015-16,Cristiano Felicio,F,0.452,2.9,11.5,1.5,0.7,0.4
2015-16,D'Angelo Russell,G,0.213,4.2,4.4,0.2,1.5,5.9
2015-16,D.J. Augustin,G,0.565,6.1,2.9,0.1,1.2,5.1
2015-16,Dahntay Jones,G,0,1.7,4.3,1.7,0.9,1.7
2015-16,Damian Lillard,G,0.533,6.9,4.1,0.4,0.9,8.2
2015-16,Damien Inglis,F,0.25,2.3,7.1,0.7,1.4,3
2015-16,Damjan Rudez,F,0.273,1.4,2.6,0.1,0.4,6.5
2015-16,Danilo Gallinari,F,0.415,2.6,5.5,0.4,0.8,4.7
2015-16,Danny Green,G,0.823,2.5,5.3,1.1,1.4,6.1
2015-16,Dante Cunningham,F,0.35,1.4,4.3,0.6,0.8,3.2
2015-16,Darrell Arthur,F,0.371,2.3,7,1.1,1.3,2.8
2015-16,Darren Collison,G,0.392,5.2,2.7,0.1,1.2,3.5
2015-16,Darrun Hilliard,F,0.447,2.5,4.2,0.1,0.8,4.7
2015-16,David Lee,F,0.491,3.3,12.2,1.1,0.9,0
2015-16,David West,F,0.808,3.7,7.9,1.4,1.1,0.2
2015-16,DeAndre Jordan,C,0.662,1.2,14.7,2.5,0.7,0
2015-16,DeMar DeRozan,G,0.679,4,4.5,0.3,1,1.8
2015-16,DeMarcus Cousins,C,0.446,3.4,12,1.5,1.6,3.4
2015-16,DeMarre Carroll,F,0.615,1.2,5.6,0.3,2,5.4
2015-16,Delon Wright,G,0.704,4.9,5.8,0.5,1.3,2
2015-16,Dennis Schroder,G,0.588,7.8,4.5,0.2,1.6,5.3
2015-16,Deron Williams,G,0.477,6.5,3.2,0.2,1,4.8
2015-16,Derrick Favors,F,0.484,1.7,9.1,1.7,1.3,0.1
2015-16,Derrick Rose,G,0.485,5.3,3.9,0.2,0.8,2.6
2015-16,Derrick Williams,F,0.4,1.9,7.4,0.2,0.7,3.8
2015-16,Devin Booker,G,0.263,3.4,3.2,0.3,0.8,4.9
2015-16,Devin Harris,G,0.547,3.3,3.9,0.4,1.7,4.4
2015-16,Devyn Marble,F,0.429,1.7,5.5,0.1,1.9,4.6
2015-16,Dewayne Dedmon,C,0.362,0.7,11.6,2.3,1.1,0
2015-16,Dion Waiters,G,0.679,2.6,3.4,0.3,1.4,4
2015-16,Dirk Nowitzki,F,0.507,2,7.4,0.8,0.8,5.2
2015-16,Donald Sloan,G,0.213,7.3,4.7,0.1,0.9,2.7
2015-16,Donatas Motiejunas,F,0.514,2.7,7.2,0.3,1.1,3.8
2015-16,Doug McDermott,F,0.506,1.1,3.8,0.1,0.3,5
2015-16,Draymond Green,F,0.901,7.7,9.9,1.4,1.5,3.3
2015-16,Drew Gooden,F,0.6,1.5,10,1.3,0.9,4.8
2015-16,Duje Dukan,F,0,1.5,5.9,0,1.5,7.4
2015-16,Dwight Howard,C,0.479,1.5,13.2,1.8,1.1,0.1
2015-16,Dwight Powell,F,0.507,1.6,9.9,0.9,1.3,0.6
2015-16,Dwyane Wade,G,0.581,5.5,4.8,0.7,1.3,0.7
2015-16,E'Twaun Moore,G,0.492,2.8,3.8,0.5,1.1,3
2015-16,Ed Davis,F,0.531,1.9,12.8,1.5,1.2,0
2015-16,Elfrid Payton,G,0.438,7.8,4.4,0.3,1.5,1.5
2015-16,Elton Brand,F,0.118,2.9,10.1,1.3,1.4,0.2
2015-16,Emmanuel Mudiay,G,0.426,6.5,4,0.6,1.1,4
2015-16,Enes Kanter,C,0.671,0.7,13.9,0.7,0.5,0.4
2015-16,Eric Bledsoe,G,0.387,6.5,4.3,0.6,2.1,4.4
2015-16,Eric Gordon,G,0.311,2.9,2.4,0.3,1,7.1
2015-16,Eric Moreland,F,0.125,0.8,8.3,3,0,0
2015-16,Ersan Ilyasova,F,0.473,1.3,7.7,0.6,1,5
2015-16,Evan Fournier,G,0.418,3,3.2,0,1.3,5.5
2015-16,Evan Turner,G,0.58,5.7,6.3,0.4,1.3,1.3
2015-16,Festus Ezeli,C,0.913,1.5,12,2.3,0.8,0
2015-16,Frank Kaminsky,C,0.58,2.1,7.1,0.9,0.8,4.3
2015-16,Garrett Temple,G,0.5,2.6,3.9,0.3,1.3,4.8
2015-16,Gary Harris,G,0.408,2.2,3.2,0.3,1.4,4.4
2015-16,George Hill,G,0.554,3.7,4.2,0.2,1.2,4.5
2015-16,Gerald Green,F,0.58,1.3,3.8,0.4,0.9,6
2015-16,Gerald Henderson,G,0.542,1.9,5.3,0.5,1,3.4
2015-16,Giannis Antetokounmpo,F,0.4,4.4,7.8,1.4,1.2,1.4
2015-16,Glenn Robinson III,G,0.533,1.8,4.8,0.6,1.2,2.6
2015-16,Goran Dragic,G,0.611,6.4,4.2,0.3,1.1,3.1
2015-16,Gordon Hayward,F,0.475,3.7,4.9,0.3,1.2,5.1
2015-16,Gorgui Dieng,C,0.354,2.3,9.5,1.6,1.5,0.3
2015-16,Greg Monroe,C,0.405,2.8,10.8,1,1.1,0
2015-16,Greg Smith,C,0.444,1.1,7.9,0.2,0.8,0
2015-16,Greivis Vasquez,G,0.391,7.1,3.7,0,0.8,5.7
2015-16,Harrison Barnes,F,0.894,2.1,5.7,0.2,0.7,3.8
2015-16,Hassan Whiteside,C,0.575,0.5,14.7,4.6,0.7,0
2015-16,Henry Sims,C,0.143,1.2,9.9,1.9,1.2,0
2015-16,Hollis Thompson,G,0.13,1.7,4.5,0.4,0.6,6.6
2015-16,Ian Clark,G,0.894,4,4.2,0.8,1.1,5.2
2015-16,Ian Mahinmi,C,0.577,2.1,10.1,1.5,1.3,0
2015-16,Iman Shumpert,G,0.722,2.5,5.6,0.5,1.5,4
2015-16,Isaiah Canaan,G,0.13,2.5,3.2,0.2,1,8.9
2015-16,Isaiah Thomas,G,0.585,6.9,3.3,0.1,1.2,6.3
2015-16,Ish Smith,G,0.208,8.1,4.9,0.4,1.4,2.7
2015-16,JR Smith,G,0.688,2,3.3,0.3,1.2,7.8
2015-16,JJ Hickson,C,0.486,1.9,10.9,1.2,1.2,0.1
2015-16,JJ Redick,G,0.667,1.8,2.4,0.1,0.7,7.2
2015-16,JaKarr Sampson,G,0.247,1.4,5.9,1,0.7,2
2015-16,JaMychal Green,F,0.5,1.7,9.3,0.8,1.1,1.1
2015-16,JaVale McGee,C,0.441,0.3,12.9,2.5,0.5,0.1
2015-16,Jabari Parker,F,0.421,1.9,5.9,0.4,1,0.5
2015-16,Jae Crowder,F,0.589,2.1,5.8,0.5,2,5.7
2015-16,Jahlil Okafor,C,0.113,1.5,8.4,1.4,0.5,0.1
2015-16,Jamal Crawford,G,0.646,3.1,2.5,0.2,0.9,5.8
2015-16,Jameer Nelson,G,0.308,6.6,4,0.2,0.9,5
2015-16,James Anderson,G,0.373,2,4.3,0.7,1,4.3
2015-16,James Ennis,F,0.5,2.3,4.6,0.5,1.8,6.4
2015-16,James Harden,G,0.5,7.1,5.8,0.6,1.6,7.6
2015-16,James Johnson,F,0.614,2.6,4.9,1.3,1.1,2.6
2015-16,James Jones,G,0.688,1.1,3.9,0.8,0.9,8.1
2015-16,James Michael McAdoo,F,0.902,2.3,8,1.1,1.4,0.3
2015-16,James Young,G,0.414,1.6,4.7,0.2,1.1,4.7
2015-16,Jared Dudley,F,0.494,2.9,4.9,0.3,1.3,4.1
2015-16,Jared Sullinger,C,0.58,3.5,12.7,0.9,1.4,1.9
2015-16,Jarell Eddie,G,0.5,1.2,5.6,0.2,1.2,11.5
2015-16,Jarell Martin,F,0.37,1.4,8.2,0.7,0.8,0.2
2015-16,Jarrett Jack,G,0.313,8.3,4.8,0.2,1.2,3.6
2015-16,Jason Smith,F,0.434,1.9,6.7,2,1,0.5
2015-16,Jason Terry,G,0.514,2.9,2.3,0.3,1.3,7.5
2015-16,Jason Thompson,F,0.809,2.2,10.2,1.5,0.9,1.1
2015-16,Jeff Ayres,F,0.647,1.7,7.4,1,0,0.3
2015-16,Jeff Green,F,0.6,2.2,5.3,0.6,0.9,3.4
2015-16,Jeff Teague,G,0.595,7.5,3.4,0.4,1.5,4.4
2015-16,Jeff Withey,C,0.49,1.1,9.5,2.9,1.1,0.1
2015-16,Jerami Grant,F,0.117,2.4,6.3,2.2,0.9,2.5
2015-16,Jeremy Evans,F,0.533,0.3,7.7,1.3,0.9,2.3
2015-16,Jeremy Lamb,G,0.606,2.3,7.4,0.9,1.2,5.3
2015-16,Jeremy Lin,G,0.603,4.1,4.4,0.7,1,4
2015-16,Jerian Grant,G,0.382,5,4.1,0.3,1.4,2.8
2015-16,Jerryd Bayless,G,0.404,3.9,3.4,0.3,1.1,5.5
2015-16,Jimmy Butler,G,0.552,4.7,5.2,0.6,1.6,3
2015-16,Joakim Noah,C,0.517,6.2,14.4,1.6,1,0.1
2015-16,Jodie Meeks,G,1,2.5,4.1,0,0,7.5
2015-16,Joe Ingles,F,0.494,2.8,4.4,0.1,1.6,6.1
2015-16,Joe Johnson,F,0.383,4.2,3.9,0.1,0.8,4.2
2015-16,Joe Young,G,0.463,6.1,4.7,0,1.4,4.3
2015-16,Joel Anthony,C,0.632,0.4,7.9,4.5,0.8,0
2015-16,Joffrey Lauvergne,C,0.407,1.9,10,0.5,0.4,1.8
2015-16,John Henson,F,0.386,2,8.3,4.1,0.7,0
2015-16,John Jenkins,G,0.419,2.6,4.3,0.1,0.6,3.8
2015-16,John Wall,G,0.481,10.2,4.9,0.8,1.9,4.2
2015-16,Johnny O'Bryant III,F,0.409,1.3,7.4,0.3,0.8,0
2015-16,Jon Leuer,F,0.328,2.1,10.7,0.9,1.1,3.2
2015-16,Jonas Jerebko,F,0.603,1.9,8.8,0.7,0.6,3.3
2015-16,Jonas Valanciunas,C,0.667,1,12.6,1.8,0.6,0
2015-16,Jonathon Simmons,G,0.855,2.6,4.3,0.2,1.1,2.1
2015-16,Jordan Adams,G,0,7.4,4.9,0,7.4,2.5
2015-16,Jordan Clarkson,G,0.215,2.7,4.4,0.1,1.2,4.5
2015-16,Jordan Farmar,G,0.167,4.6,3.1,0.2,1.9,5.6
2015-16,Jordan Hamilton,G,0.364,3,7.4,0.4,0.9,5.3
2015-16,Jordan Hill,C,0.548,2.1,10.7,0.9,0.9,0
2015-16,Jordan McRae,G,0.455,4.6,3.7,0.2,0.6,4
2015-16,Jordan Mickey,F,0.563,0.6,8.2,6.9,0,0
2015-16,Jorge Gutierrez,G,0.75,9.7,4,0,1.7,1.1
2015-16,Jose Calderon,G,0.403,5.3,4.1,0.1,1.1,3.6
2015-16,J.J. Barea,G,0.514,6.5,3.3,0,0.6,5.6
2015-16,Josh Huestis,F,0.4,0,6.5,1.3,0.7,3.9
2015-16,Josh McRoberts,F,0.643,4.9,6.4,0.4,1.1,3
2015-16,Josh Richardson,G,0.558,2.4,3.5,0.8,1.2,3.7
2015-16,Josh Smith,F,0.564,3.7,7.9,1.9,1.4,5.9
2015-16,Jrue Holiday,G,0.415,7.7,3.8,0.4,1.7,5.1
2015-16,Julius Randle,F,0.21,2.3,13.1,0.5,0.8,0.6
2015-16,Justin Anderson,G,0.509,1.6,7.3,1.4,1.1,4.6
2015-16,Justin Holiday,G,0.528,2.6,4.2,0.9,1.5,4.9
2015-16,Justise Winslow,F,0.59,1.9,6.5,0.4,1.1,1.9
2015-16,Jusuf Nurkic,C,0.438,2.6,11.5,2.9,1.6,0.2
2015-16,KJ McDaniels,G,0.459,1.5,6.4,0.9,1.1,3.8
2015-16,Karl-Anthony Towns,C,0.354,2.2,11.7,1.9,0.8,1.2
2015-16,Kawhi Leonard,F,0.833,2.8,7.5,1.1,1.9,4.4
2015-16,Kelly Olynyk,C,0.58,2.7,7.3,0.9,1.3,5.4
2015-16,Kelly Oubre Jr.,F,0.492,0.7,7.1,0.4,1.2,4.2
2015-16,Kemba Walker,G,0.58,5.3,4.5,0.5,1.6,6.1
2015-16,Kendall Marshall,G,0.1,6.6,2.5,0.2,1.4,4.4
2015-16,Kendrick Perkins,C,0.351,2.1,8.5,0.7,0.7,0
2015-16,Kenneth Faried,F,0.388,1.7,12.3,1.3,0.7,0
2015-16,Kent Bazemore,F,0.587,3,6.6,0.7,1.7,5.3
2015-16,Kentavious Caldwell-Pope,G,0.539,1.8,3.6,0.2,1.4,4.8
2015-16,Kevin Durant,F,0.722,5,8.2,1.2,1,6.7
2015-16,Kevin Garnett,F,0.368,4,9.7,0.6,1.8,0.1
2015-16,Kevin Love,F,0.688,2.7,11.3,0.6,0.9,6.5
2015-16,Kevin Martin,G,0.436,1.9,3.6,0.1,0.9,4.5
2015-16,Kevin Seraphin,F,0.313,3.2,8.6,2.5,0.5,0.1
2015-16,Kevon Looney,F,0.8,0,17.5,0,0,3.5
2015-16,Khris Middleton,G,0.418,4.2,3.8,0.2,1.7,4.6
2015-16,Kirk Hinrich,G,0.565,4.2,4,0.1,0.9,3.5
2015-16,Klay Thompson,G,0.888,2.2,4.1,0.7,0.8,8.8
2015-16,Kobe Bryant,F,0.197,3.6,4.8,0.3,1.2,9
2015-16,Kosta Koufos,C,0.41,0.8,10.3,1.7,1,0
2015-16,Kris Humphries,F,0.547,1.6,9.4,1,0.7,4.7
2015-16,Kristaps Porzingis,F,0.389,1.7,9.3,2.4,0.9,4.3
2015-16,Kyle Anderson,F,0.821,3.6,7.1,0.8,1.7,1.1
2015-16,Kyle Korver,G,0.575,2.5,3.9,0.5,0.9,5.9
2015-16,Kyle Lowry,G,0.701,6.2,4.6,0.4,2,6.9
2015-16,Kyle O'Quinn,F,0.4,3.4,11.8,2.3,0.9,1
2015-16,Kyle Singler,F,0.632,0.9,5.2,0.3,1.1,3.6
2015-16,Kyrie Irving,G,0.698,5.4,3.4,0.4,1.2,5.7
2015-16,LaMarcus Aldridge,F,0.824,1.8,10.1,1.3,0.6,0.3
2015-16,Lamar Patterson,G,0.657,3.6,4.6,0.2,0.8,4.5
2015-16,Lance Stephenson,F,0.522,3.5,5.8,0.2,1.1,2
2015-16,Lance Thomas,F,0.424,1.5,3.6,0.2,0.6,3
2015-16,Langston Galloway,G,0.39,3.7,5.1,0.4,1.4,4
2015-16,Larry Nance Jr.,F,0.222,1.3,8.9,0.7,1.5,0.3
2015-16,Lavoy Allen,F,0.544,1.7,9.5,0.9,0.6,0
2015-16,LeBron James,F,0.737,6.8,7.5,0.7,1.4,3.7
2015-16,Leandro Barbosa,G,0.882,2.7,3.9,0.3,1.5,3.7
2015-16,Lorenzo Brown,G,0.125,6.5,4.1,0.6,1.8,4.7
2015-16,Lou Amundson,F,0.379,2.1,8.6,1.2,1.1,0
2015-16,Lou Williams,G,0.209,3.2,3.2,0.4,1.2,6
2015-16,Luc Mbah a Moute,F,0.653,0.8,4.8,0.5,1.2,1.1
2015-16,Lucas Nogueira,C,0.586,1.1,7.4,1.9,1.9,0.5
2015-16,Luis Montero,G,0.5,0.9,3.4,0,0,7.7
2015-16,Luis Scola,F,0.658,1.5,7.9,0.6,1,3.5
2015-16,Luke Babbitt,F,0.34,2.3,6.3,0.3,0.5,4.6
2015-16,Luol Deng,F,0.608,2.1,6.7,0.4,1.1,3.8
2015-16,Manu Ginobili,G,0.81,5.6,4.6,0.3,2.1,5.7
2015-16,Marc Gasol,C,0.577,3.9,7.3,1.4,1,0.1
2015-16,Marcelo Huertas,G,0.151,7.5,3.7,0.3,1.1,2.5
2015-16,Marcin Gortat,C,0.467,1.7,11.8,1.5,0.8,0
2015-16,Marco Belinelli,G,0.397,2.7,2.5,0,0.8,6.4
2015-16,Marcus Morris,F,0.525,2.5,5.1,0.3,0.8,3.8
2015-16,Marcus Smart,G,0.59,4,5.5,0.4,2,5.2
2015-16,Marcus Thornton,F,0.525,2.8,4.9,0.1,1.5,8.8
2015-16,Mario Hezonja,G,0.418,2.8,4.5,0.4,1,4.9
2015-16,Markel Brown,G,0.194,3.3,4.5,0.5,1.4,4.4
2015-16,Markieff Morris,F,0.344,2.7,7.8,0.8,1.3,3.4
2015-16,Marreese Speights,F,0.889,2.6,10.3,1.5,0.8,2.7
2015-16,Marvin Williams,F,0.58,1.7,8,1.2,0.9,5.8
2015-16,Mason Plumlee,C,0.537,3.9,10.9,1.5,1.2,0.1
2015-16,Matt Barnes,F,0.5,2.7,6.9,0.9,1.3,6.1
2015-16,Matt Bonner,C,0.833,1.6,4.7,0.2,1,5.9
2015-16,Matthew Dellavedova,G,0.711,6.5,3.1,0.2,0.8,4.6
2015-16,Maurice Harkless,F,0.513,1.7,6.9,0.9,1.2,3.5
2015-16,Metta World Peace,F,0.171,1.6,5.4,0.7,1.3,5.1
2015-16,Meyers Leonard,F,0.541,2.5,8.5,0.5,0.2,6.2
2015-16,Michael Beasley,F,0.5,1.6,9.7,0.9,1.1,0.9
2015-16,Michael Carter-Williams,G,0.389,6.1,6,0.9,1.7,1.2
2015-16,Michael Kidd-Gilchrist,F,0.714,1.6,7.9,0.5,0.5,1.2
2015-16,Mike Conley,G,0.589,7,3.4,0.3,1.4,4.4
2015-16,Mike Dunleavy,G,0.419,2,4.3,0.5,0.7,5.1
2015-16,Mike Miller,G,0.447,3.9,5.1,0.4,1.3,5
2015-16,Mike Muscala,F,0.567,2.2,7.5,1.7,0.8,2.5
2015-16,Mike Scott,F,0.613,2.5,6.5,0.5,0.8,5
2015-16,Miles Plumlee,C,0.377,0.7,9.6,2.1,0.9,0
2015-16,Mirza Teletovic,F,0.291,1.9,6.5,0.4,0.7,9.8
2015-16,Mitch McGary,F,0.85,1.5,8.9,1,0.5,2
2015-16,Mo Williams,G,0.659,4.7,3.5,0.2,0.7,4.9
2015-16,Monta Ellis,G,0.543,5,3.6,0.5,2,3.7
2015-16,Montrezl Harrell,F,0.436,1.6,6.2,1,1,0.1
2015-16,Myles Turner,F,0.533,1.1,8.7,2.3,0.7,0.4
2015-16,Nazr Mohammed,C,1,0,7.4,0,0,0
2015-16,Nemanja Bjelica,F,0.333,2.8,7,0.7,0.9,4.2
2015-16,Nene,F,0.491,3.2,8.5,0.9,1.8,0.1
2015-16,Nerlens Noel,F,0.149,2.2,9.9,1.8,2.2,0
2015-16,Nick Collison,F,0.661,2.7,8.8,0.8,0.8,0.1
2015-16,Nick Young,F,0.241,1.2,3.4,0.2,0.8,8.3
2015-16,Nicolas Batum,G,0.586,5.9,6.3,0.6,1,5.9
2015-16,Nik Stauskas,G,0.11,2.7,3.6,0.4,0.9,6.5
2015-16,Nikola Jokic,C,0.388,3.9,11.6,1,1.6,1.7
2015-16,Nikola Mirotic,F,0.561,2.2,7.9,1,1.3,7.6
2015-16,Nikola Pekovic,C,0.167,2.5,4.8,0,0.2,0
2015-16,Nikola Vucevic,C,0.431,3.2,10.2,1.2,0.9,0.2
2015-16,Noah Vonleh,F,0.526,0.9,9.4,0.8,0.8,1.4
2015-16,Norman Powell,G,0.653,2.3,5.5,0.5,1.4,4.4
2015-16,Norris Cole,G,0.444,5,4.5,0.2,1.1,3.1
2015-16,O.J. Mayo,G,0.415,3.9,3.5,0.3,1.6,5.4
2015-16,Omer Asik,C,0.426,0.8,12.7,0.7,0.6,0
2015-16,Omri Casspi,F,0.391,1.8,7.8,0.3,1.1,5.2
2015-16,Otto Porter Jr.,F,0.48,1.9,6.2,0.5,1.7,4.2
2015-16,PJ Hairston,F,0.47,1,4.8,0.3,0.9,6.6
2015-16,PJ Tucker,F,0.28,2.5,7.3,0.3,1.5,2.9
2015-16,Pablo Prigioni,G,0.627,5.7,5,0,2.3,4.2
2015-16,Pat Connaughton,G,0.5,2.5,8,0,0.5,5.3
2015-16,Patrick Beverley,G,0.493,4.2,4.4,0.5,1.7,5.5
2015-16,Patrick Patterson,F,0.684,1.7,6.1,0.6,0.9,5.2
2015-16,Patty Mills,G,0.815,4.9,3.4,0.1,1.3,6.9
2015-16,Pau Gasol,C,0.5,4.6,12.5,2.3,0.7,1.1
2015-16,Paul George,F,0.543,4.2,7.2,0.4,1.9,7.2
2015-16,Paul Millsap,F,0.593,3.6,10,1.9,2,3.2
2015-16,Paul Pierce,F,0.647,2.1,5.4,0.5,1,7.1
2015-16,Quincy Acy,F,0.356,1.1,7.7,1,1.2,2
2015-16,RJ Hunter,G,0.583,1.5,4.2,0.5,1.6,7.2
2015-16,Rajon Rondo,G,0.403,11.9,6.2,0.1,2,2.4
2015-16,Rakeem Christmas,F,1,0,5.9,0,0,0
2015-16,Ramon Sessions,G,0.5,5.2,4.4,0.1,1,2.4
2015-16,Randy Foye,G,0.457,3.5,3.4,0.6,0.9,5.5
2015-16,Rashad Vaughn,G,0.429,1.4,3.2,0.6,1,5.3
2015-16,Raul Neto,G,0.494,4.2,2.9,0,1.5,3.9
2015-16,Raymond Felton,G,0.5,4.7,4.2,0.2,1.1,3.5
2015-16,Reggie Bullock,F,0.595,2.3,5.7,0.2,0.8,4.4
2015-16,Reggie Jackson,G,0.544,7.3,3.8,0.2,0.9,5
2015-16,Richard Jefferson,F,0.689,1.6,3.5,0.4,0.9,4.7
2015-16,Richaun Holmes,F,0.137,1.7,6.9,2.1,1,2.3
2015-16,Ricky Rubio,G,0.368,10.2,5.1,0.2,2.5,2.9
2015-16,Robert Covington,F,0.149,1.8,7.9,0.8,2,9.1
2015-16,Robert Sacre,C,0.08,1.6,8.1,1.1,0.4,0
2015-16,Robin Lopez,C,0.39,1.8,9.8,2.1,0.3,0
2015-16,Rodney Hood,G,0.494,3,3.8,0.2,1,6.4
2015-16,Rodney Stuckey,G,0.569,4,4.4,0.2,1.2,2.3
2015-16,Rondae Hollis-Jefferson,G,0.241,2.5,9,0.9,2.3,0.8
2015-16,Ronnie Price,G,0.323,4.4,2.9,0.4,2.2,5.8
2015-16,Roy Hibbert,C,0.21,1.8,7.6,2.1,0.6,0
2015-16,Rudy Gay,F,0.414,1.8,6.9,0.8,1.5,3.3
2015-16,Rudy Gobert,C,0.541,1.7,12.4,2.5,0.8,0
2015-16,Russell Westbrook,G,0.688,10.9,8.2,0.3,2.1,4.5
2015-16,Ryan Anderson,F,0.364,1.3,7.1,0.4,0.7,6.4
2015-16,Ryan Kelly,F,0.083,1.5,9.3,0.8,1,2.8
2015-16,Salah Mejri,C,0.471,0.9,11.1,3.3,0.7,0.1
2015-16,Sam Dekker,F,0.333,0,5.9,0,5.9,0
2015-16,Sasha Kaun,C,0.72,1.1,9.8,1.9,1.5,0
2015-16,Sasha Vujacic,G,0.361,3.3,5.9,0.2,1.3,5.7
2015-16,Sean Kilpatrick,G,0.226,1.7,3.3,0.1,0.7,6.7
2015-16,Serge Ibaka,F,0.692,1,7.7,2.1,0.5,2.6
2015-16,Sergey Karasev,G,0.225,3.2,5.2,0.2,0.5,3.3
2015-16,Seth Curry,G,0.386,3.5,3.1,0.2,1.1,5.8
2015-16,Shabazz Muhammad,F,0.354,1.1,5.7,0.1,0.5,3.3
2015-16,Shabazz Napier,G,0.418,5.8,3.3,0.1,1.4,6.2
2015-16,Shane Larkin,G,0.256,7,3.7,0.2,2,2.2
2015-16,Shaun Livingston,G,0.885,5.6,4,0.6,1.4,0.3
2015-16,Shayne Whittington,F,0.571,2.7,10.6,0.9,0.9,1.8
2015-16,Shelvin Mack,G,0.519,6.4,4.4,0.1,1.2,4.3
2015-16,Solomon Hill,F,0.525,2.4,6.9,0.5,1.5,3.1
2015-16,Spencer Dinwiddie,G,0.417,5,3.8,0,0.7,2.3
2015-16,Spencer Hawes,F,0.526,3.8,8.5,0.9,0.8,3.5
2015-16,Stanley Johnson,F,0.507,2.5,6.5,0.3,1.2,4.4
2015-16,Stephen Curry,G,0.899,7,5.7,0.2,2.3,11.8
2015-16,Steve Blake,G,0.586,7.3,3.2,0.2,0.9,5.5
2015-16,Steve Novak,F,0.8,0,4.1,0,0,12.2
2015-16,Steven Adams,C,0.675,1.1,9.5,1.6,0.8,0
2015-16,T.J. McConnell,G,0.123,8.2,5.6,0.2,2.1,2
2015-16,TJ Warren,F,0.298,1.5,4.9,0.5,1.2,2.4
2015-16,Taj Gibson,F,0.507,2,9.4,1.4,0.9,0.1
2015-16,Tarik Black,C,0.154,1.2,11.4,1.3,1,0
2015-16,Tayshaun Prince,F,0.351,1.8,3.6,0.3,0.9,0.6
2015-16,Terrence Jones,F,0.48,1.4,7.3,1.3,0.8,2.7
2015-16,Terrence Ross,F,0.726,1.2,3.8,0.5,1.1,7
2015-16,Terry Rozier,G,0.615,4.3,7.3,0.1,0.7,3.1
2015-16,Thabo Sefolosha,F,0.56,2.2,6.8,0.8,1.7,2.5
2015-16,Thaddeus Young,F,0.288,2,9.9,0.6,1.7,0.4
2015-16,Thanasis Antetokounmpo,F,0.5,0,5.8,0,0,5.8
2015-16,Thomas Robinson,F,0.225,1.8,14.1,1.4,1.5,0
2015-16,Tiago Splitter,C,0.583,1.9,7.5,0.7,1.2,0.1
2015-16,Tibor Pleiss,C,0.583,0.9,6.6,0.9,0.4,0.9
2015-16,Tim Duncan,C,0.82,3.8,10.5,1.8,1.1,0
2015-16,Tim Frazier,G,0.49,7.9,5.3,0.1,1.6,2.3
2015-16,Tim Hardaway Jr.,G,0.569,2.1,3.6,0.3,0.9,5.9
2015-16,Timofey Mozgov,C,0.684,0.9,9.2,1.5,0.6,0.2
2015-16,Tobias Harris,F,0.487,2.4,7.3,0.6,0.9,3.4
2015-16,Toney Douglas,G,0.361,4.5,4.1,0.1,2,5.8
2015-16,Tony Allen,G,0.531,1.6,6.6,0.4,2.4,0.9
2015-16,Tony Parker,G,0.819,6.9,3.2,0.2,1,1.2
2015-16,Tony Snell,F,0.516,1.7,5.5,0.5,0.4,4.3
2015-16,Tony Wroten,G,0,5,5.2,0,0.7,4.2
2015-16,Trevor Ariza,F,0.494,2.4,4.6,0.3,2,6.3
2015-16,Trevor Booker,F,0.494,1.8,10,0.9,1.3,0.9
2015-16,Trey Burke,G,0.484,3.9,3,0.2,0.9,6.7
2015-16,Trey Lyles,F,0.475,1.5,7.8,0.5,0.7,3.3
2015-16,Tristan Thompson,C,0.695,1,11.7,0.8,0.6,0
2015-16,Troy Daniels,G,0.581,1.6,4.3,0.2,0.8,9.2
2015-16,Ty Lawson,G,0.47,6,3.1,0.2,1.4,2.8
2015-16,Tyler Ennis,G,0.37,5.2,4.1,0.1,1.4,2.1
2015-16,Tyler Hansbrough,F,0.636,0.8,9.3,0.7,1.3,0.3
2015-16,Tyler Johnson,G,0.528,3.3,4.5,0.6,1,3
2015-16,Tyler Zeller,C,0.633,1.5,9,1.1,0.5,0
2015-16,Tyreke Evans,G,0.44,7.7,6.1,0.4,1.5,4
2015-16,Tyson Chandler,C,0.273,1.4,12.8,1,0.8,0
2015-16,Tyus Jones,G,0.351,6.8,3,0.2,1.9,3.3
2015-16,Udonis Haslem,F,0.676,1.9,10.4,0.3,0.7,1.2
2015-16,Victor Oladipo,G,0.444,4.3,5.2,0.8,1.8,4.3
2015-16,Vince Carter,G,0.55,2,5.2,0.6,1.4,6.1
2015-16,Walter Tavares,C,0.636,1.5,10.4,3,0.5,0
2015-16,Wayne Ellington,G,0.237,1.9,3.9,0.1,1.1,6
2015-16,Wesley Johnson,F,0.638,1.1,5.4,1.2,1.9,6.7
2015-16,Wesley Matthews,G,0.513,2.1,3.2,0.2,1.1,7.1
2015-16,Will Barton,F,0.402,3.1,7.3,0.6,1.1,5
2015-16,Willie Cauley-Stein,C,0.394,0.9,9,1.7,1.2,0.1
2015-16,Willie Reed,F,0.205,0.8,10.3,2.5,0.5,0
2015-16,Xavier Munford,G,0.214,3.2,4.6,0.4,1.9,3.4
2015-16,Zach LaVine,G,0.354,3.9,3.6,0.3,1.1,5
2015-16,Zach Randolph,F,0.544,2.5,9.4,0.2,0.8,0.5
2015-16,Zaza Pachulia,C,0.526,2.3,12.9,0.4,1.1,0.1
